Date,Fishline,In_Tank,Total_Eggs_0H,Survival_Rate_0H,Live_Embryos_0H,Survival_Rate_24H
03-01-26,AB T61,TRUE,898,100,898,87.7
03-01-26,AB T86,TRUE,468,100,468,84.6
03-01-26,AB T87,TRUE,236,100,236,94.06
05-01-26,AB T90,FALSE,447,64,286,67
05-01-26,AB T91,FALSE,664,100,664,84.9
05-01-26,Fli T11,TRUE,337,100,337,90.8
05-01-26,AB T96,TRUE,579,100,579,72
05-01-26,AB T106,TRUE,439,96.8,425,87
05-01-26,AB T81,TRUE,560,78.5,440,91
10-01-26,AB T87,FALSE,596,93,554,92.6
10-01-26,AB T61,TRUE,418,84,351,81
10-01-26,AB T61,FALSE,193,93,179,79.5
11-01-26,AB T96,TRUE,342,91,311,84.2
11-01-26,AB T86,TRUE,1437,98,1408,88.7
14-01-26,AB T81,FALSE,0,0,0,0
14-01-26,AB T97,FALSE,940,97,912,72.5
14-01-26,AB 81 (M) x AB 94 (F),FALSE,428,97,415,98.5
14-01-26,AB T106,TRUE,170,100,170,92.9
15-01-26,AB T97,FALSE,0,0,0,0
15-01-26,AB T06,TRUE,1076,100,1076,93
16-01-26,AB T81,TRUE,0,0,0,0
16-01-26,AB T86,FALSE,120,85,102,85
16-01-26,AB T94 (F) x AB T93 (M),FALSE,126,100,126,0
16-01-26,AB 106,TRUE,0,0,0,0
17-01-26,AB T86,FALSE,703,90,633,95
17-01-26,AB T86 (F) x AB T93 (M),FALSE,246,95,234,90
17-01-26,AB 106,FALSE,309,100,309,57.9
17-01-26,AB T81,FALSE,146,100,146,58.33
24-01-26,AB T61,FALSE,455,100,455,86
24-01-26,AB T86,FALSE,1103,100,1103,93
24-01-26,AB T87,FALSE,985,100,985,89
25-01-26,AB T90,FALSE,789,100,789,94
25-01-26,AB T96,FALSE,439,100,439,92
25-01-26,Fli T82,FALSE,821,100,821,94
25-01-26,Fli T70,FALSE,547,100,547,71
25-01-26,Gata T101,FALSE,598,100,598,86.6
25-01-26,Gata T101 (F) x AB T93 (M),FALSE,1107,100,1107,95
26-01-26,AB T81,FALSE,433,100,433,92.8
26-01-26,AB T97,FALSE,1218,100,1218,73
26-01-26,AB T93 (M) x AB T94 (F),FALSE,1783,100,1783,78
26-01-26,AB T95 (F) x AB T93 (M),FALSE,592,100,592,97
27-01-26,Gata 113,FALSE,122,100,122,34
27-01-26,Gata 112,FALSE,0,0,0,0
27-01-26,Gata 111,FALSE,1330,100,1330,62
27-01-26,Gata 110,FALSE,798,100,798,93.4
27-01-26,Gata 113 (F) x AB 93 (M),FALSE,126,100,126,73
27-01-26,Gata 79 (F) x AB 93 (M),FALSE,2470,100,2470,72
31-01-26,AB T86,FALSE,1126,100,1126,90
31-01-26,AB T90,FALSE,0,0,0,0
31-01-26,AB T96,FALSE,847,100,847,88
31-01-26,AB T86 (F) x T93 (M),FALSE,302,100,302,86
01-02-26,AB T61,FALSE,1359,100,1359,88
01-02-26,AB T87,FALSE,981,100,981,91
02-02-26,AB T56,FALSE,1008,98,988,89
02-02-26,AB T103,FALSE,1124,72,809,0
02-02-26,AB T81,FALSE,937,99,928,96
02-02-26,AB T97,FALSE,172,81,139,54
02-02-26,Gata T73,FALSE,0,0,0,0
02-02-26,Gata T73 x Gata T49,FALSE,1168,100,1168,96.6
02-02-26,Gata T49 x AB T56,FALSE,0,0,0,0
02-02-26,AB T103 x AB T56,FALSE,0,0,0,0
03-02-26,AB T65,FALSE,0,0,0,0
03-02-26,Fli T104,FALSE,0,0,0,0
03-02-26,Fli T72,FALSE,515,100,515,84.6
03-02-26,AB T118,FALSE,273,100,273,94.8
03-02-26,Fli T4(1F) x Fli T54(1M),FALSE,0,0,0,0
03-02-26,Fli T4,FALSE,0,0,0,0
04-02-26,AB T65 kept it,FALSE,0,0,0,0
04-02-26,Fli T104 kept it,FALSE,419,100,419,66.1
04-02-26,Fli T4(1F) x Fli T54(1M),FALSE,0,0,0,0
04-02-26,"Casper T115 2F, 1M",FALSE,0,0,0,0
04-02-26,"Casper T108 2F, 1M",FALSE,113,100,113,43.36
04-02-26,"Casper T109 2F, 1M",FALSE,54,100,54,0
04-02-26,Casper Pure 16/8/25 (F) x Casper T114 (M),FALSE,789,100,789,86.31
07-02-26,AB T86,FALSE,1628,100,1628,88.19
07-02-26,AB T87,FALSE,567,97,550,85.5
07-02-26,AB T106 In tank,TRUE,2544,100,2544,90.6
10-02-26,Casper T109,FALSE,0,0,0,0
10-02-26,Casper T108,FALSE,0,0,0,0
10-02-26,Casper T77(M) 3 x Casper(F) spotted 3/7/25,FALSE,52,100,52,92.3
10-02-26,"Casper T115 1M, 1F",FALSE,0,0,0,0
10-02-26,Casper T115(F) (1) x Casper T68(M) (1),FALSE,0,0,0,0
10-02-26,Casper T104(F) (1) x Casper T16/4/25(M) (1),FALSE,626,84,526,84.9
10-02-26,Casper T115 (F) (2) x Casper 16/4/25(M) (1),FALSE,455,100,455,80.6
10-02-26,"Casper T115 2F, 1M",FALSE,398,99.7,397,84.57
11-02-26,AB T96,FALSE,392,100,392,93.7
11-02-26,AB T61,FALSE,1638,100,1638,81.7
11-02-26,"Cas T109 2F, 1M (kept it)",FALSE,32,100,32,0
11-02-26,Cas T115 (F) x T68 (M) (kept it),FALSE,0,0,0,0
11-02-26,Cas T77 (Pure) M 2 x (F) spotted (kept it),FALSE,0,0,0,0
11-02-26,"Cas T108 2F, 1M (kept it)",FALSE,305,100,305,75
11-02-26,"Cas T115 1M, 1F (kept it)",FALSE,0,0,0,0
11-02-26,AB T106,FALSE,192,100,192,96.8
11-02-26,AB T96 (Before divider),FALSE,509,98.62,502,97.9
14-02-26,AB T86 3 tanks,FALSE,892,99.77,890,0
14-02-26,AB T61 3 tanks,FALSE,304,100,304,79.61
15-02-26,AB T106 -> 1 tank,FALSE,168,100,168,97.02
15-02-26,AB T106 X AB T93 (2 tanks),FALSE,760,100,760,97.5
16-02-26,AB T61 In tank,TRUE,482,100,482,84.85
16-02-26,AB T86 In tank,TRUE,830,100,830,90.12
16-02-26,"AB T93 1M, 1F",FALSE,0,0,0,0
18-02-26,AB T87,FALSE,1104,100,1104,88.7
18-02-26,AB T96,FALSE,664,100,664,90.5
21-02-26,AB T61,FALSE,344,100,344,93.02
21-02-26,AB T86,FALSE,1020,100,1020,97.45
21-02-26,AB T86 (F) T93 (M),FALSE,261,100,261,94.63
21-02-26,AB T90 In tank,TRUE,311,100,311,65.59
22-02-26,AB T106,FALSE,577,100,577,99.3
22-02-26,AB T87,FALSE,468,100,468,91.45
22-02-26,AB T97 (kept for 2 days),FALSE,815,100,815,67.73
23-02-26,AB T90 (keep) In tank,TRUE,0,0,0,0
23-02-26,AB T118 In tank,TRUE,592,100,592,78
23-02-26,AB T56 In tank,TRUE,510,99.6,508,51.3
23-02-26,AB T103 (keep) In tank,TRUE,0,0,0,0
23-02-26,Fli T54 In tank,TRUE,464,100,464,50
24-02-26,Gata T73 In tank,TRUE,0,0,0,0
24-02-26,AB T103 In tank,TRUE,0,0,0,0
24-02-26,AB T118 In tank,TRUE,134,88,118,0
24-02-26,AB T56 In tank,TRUE,52,0,0,0
24-02-26,Fli T54 In tank,TRUE,66,62.12,41,0
02-03-26,AB T86 In tank,TRUE,751,93.6,703,80
02-03-26,AB T96 In tank,TRUE,513,99.4,510,82
02-03-26,AB T90 In tank,TRUE,196,100,196,85
02-03-26,AB T61 In tank,TRUE,775,93.16,722,67
02-03-26,AB T106 In tank,TRUE,0,0,0,0
03-03-26,AB T81,FALSE,451,100,451,92.9
03-03-26,AB T87,FALSE,303,100,303,79
03-03-26,AB T106,FALSE,720,100,720,92.6
08-03-26,AB T86 In tank,TRUE,810,96,778,86
08-03-26,AB T61 in tank,TRUE,325,100,325,84
08-03-26,AB T90 Intank,TRUE,210,96,202,81.6
09-03-26,AB T106 Intank,TRUE,772,100,772,87.82
09-03-26,AB T87 Intank,TRUE,156,100,156,85.25
09-03-26,AB T81 Intank,TRUE,473,100,473,90.48
09-03-26,AB T97 Intank,TRUE,22,100,22,45.45
09-03-26,AB T96 Intank,TRUE,115,100,115,85.34
10-03-26,AB T80 Intank,TRUE,165,98.78,163,96.9
10-03-26,Gata T110 Intank,TRUE,109,100,109,33.5
10-03-26,Gata T113 Intank,TRUE,582,100,582,89.6
10-03-26,Gata T111 Intank,TRUE,58,100,58,72.4
10-03-26,Gata T112 In tank,TRUE,3,100,3,66.6
11-03-26,Gata (T73 and T49) 14 Oct 25 in tank,TRUE,0,0,0,0
11-03-26,Fli T98 In tank,TRUE,0,0,0,0
11-03-26,Fli T82 In tank,TRUE,0,0,0,0
11-03-26,Fli T From 82 24 Nov. 25,FALSE,0,0,0,0
11-03-26,"Fli T From 52 and 54, T82 7 Jul. 25",FALSE,0,0,0,0
12-03-26,Fli x AB T82 intank,TRUE,492,0,0,0
12-03-26,Fli T52 + T54 intank,TRUE,70,0,0,0
12-03-26,Fli T98 intank,TRUE,0,0,0,0
12-03-26,Gata T73 (F) x T49 (M) intank,TRUE,0,0,0,0
15-03-26,AB T90 intank,TRUE,227,100,227,74.88
15-03-26,AB T86 intank,TRUE,388,100,388,71
15-03-26,AB T118 intank,TRUE,65,100,65,92.3
15-03-26,AB T56 intank,TRUE,485,100,485,83.5
15-03-26,AB T61 intank,TRUE,395,100,395,0
16-03-26,AB T106 intank,TRUE,885,0,0,87
16-03-26,AB T87 intank,TRUE,26,0,0,57
16-03-26,AB T80 intank,TRUE,752,0,0,83
16-03-26,AB T81 intank,TRUE,184,0,0,85
16-03-26,AB T96 intank,TRUE,152,0,0,92
17-03-26,AB T97 intank,TRUE,372,100,372,78.49
17-03-26,AB T103 intank,TRUE,0,0,0,0
23-03-26,AB T61 intank,TRUE,254,94,239,72.4
23-03-26,AB T90,FALSE,328,100,328,0
23-03-26,AB T96,FALSE,411,98.5,405,84.2
23-03-26,Casper T116,FALSE,439,99.5,437,0
24-03-26,AB T87,FALSE,300,100,300,90
24-03-26,AB T95(F) X ABT93(M),FALSE,532,100,532,90
24-03-26,AB T81,FALSE,785,100,785,85
24-03-26,AB T97,FALSE,543,100,543,90
24-03-26,AB T80,FALSE,1275,100,1275,79
24-03-26,AB T86,FALSE,294,100,294,84
25-03-26,Fli T19,FALSE,114,100,114,93.8
25-03-26,Fli T98,FALSE,0,0,0,0
25-03-26,Fli T70,FALSE,655,100,655,71.9
25-03-26,Fli T82,FALSE,435,100,435,96.7
25-03-26,"Fli T119(F), Fli T100(F), Fli T98(M)",FALSE,63,100,63,39.6
25-03-26,AB T106,FALSE,1572,100,1572,72.6
29-03-26,AB T61,FALSE,0,0,0,0
29-03-26,AB T86,FALSE,531,100,531,90
29-03-26,Fli T82,FALSE,320,100,320,83
30-03-26,AB T87,FALSE,463,100,463,87
30-03-26,AB T96,FALSE,546,100,546,86.8
30-03-26,AB T90,FALSE,569,100,569,92
30-03-26,Fli T19,FALSE,427,100,427,88
30-03-26,Fli T70,FALSE,127,100,127,15
30-03-26,Fli T100 x Fli T98,FALSE,121,100,121,75
30-03-26,Fli T98,FALSE,0,0,0,57
30-03-26,81 July 2025,FALSE,220,100,220,0
31-03-26,AB T97,FALSE,0,0,0,0
31-03-26,Gata T110,FALSE,0,0,0,0
31-03-26,Gata T112,FALSE,280,98,274,27
31-03-26,Gata T111,FALSE,737,100,737,0
31-03-26,Gata T113,FALSE,37,100,37,0
31-03-26,Gata T113x Gata T112,FALSE,118,100,118,65
31-03-26,Gata T79x AB T93,FALSE,1682,0,0,88.6
31-03-26,Gata T79x Gata T112,FALSE,590,100,590,73
01-04-26,Gata T49 x Gata T73,FALSE,885,100,885,84
01-04-26,Fli T59,FALSE,899,100,899,54
01-04-26,Fli T105x AB T56,FALSE,654,100,654,68
01-04-26,Fli T72,FALSE,321,100,321,84.7
01-04-26,Fli T104,FALSE,213,100,213,84
01-04-26,AB T97,FALSE,190,100,190,94
02-04-26,AB T103,FALSE,1005,100,1005,74.02
02-04-26,AB T118 x AB T56,FALSE,367,100,367,81.47
02-04-26,Fli T54 x AB T73,FALSE,112,100,112,33.8
02-04-26,Fli T54 x AB T103,FALSE,67,100,67,75.05
02-04-26,AB T117,FALSE,288,100,288,93.75
02-04-26,AB T118 x Gata T49,FALSE,355,100,355,98.39
02-04-26,AB T118 x Fli T104,FALSE,675,100,675,43.7
02-04-26,AB T118,FALSE,0,0,0,0
05-04-26,ABT 90,FALSE,660,100,660,83.9
05-04-26,ABT 86,FALSE,290,100,290,88
05-04-26,ABT 97,FALSE,534,100,534,75
06-04-26,Gata T102,FALSE,491,100,491,26
06-04-26,Gata T101,FALSE,0,0,0,0
06-04-26,Gata T101 + ABT93,FALSE,474,100,474,81
06-04-26,ABT81,FALSE,524,100,524,74
06-04-26,ABT87,FALSE,682,100,682,90
06-04-26,ABT96,FALSE,679,100,679,90
07-04-26,Fli T100 x Fli T98,FALSE,0,0,0,0
07-04-26,Fli T82,FALSE,0,0,0,90.61
07-04-26,Fli T119,FALSE,0,0,0,0
07-04-26,Fli T98,FALSE,0,0,0,0
07-04-26,Fli T70,FALSE,0,0,0,86
08-04-26,AB T81,FALSE,1821,100,1821,86
08-04-26,AB T80,FALSE,747,100,747,72
08-04-26,AB T106,FALSE,94,100,94,97
08-04-26,AB T106 x ABT93,FALSE,1830,100,1830,96
08-04-26,AB T93 x ABT95,FALSE,720,100,720,92
11-04-26,AB T90,FALSE,334,0,0,84.5
11-04-26,Fli T82,FALSE,405,0,0,84.9
11-04-26,AB T97 In tank,TRUE,0,0,0,51
11-04-26,AB T86 In tank,TRUE,0,0,0,78
11-04-26,AB T96,FALSE,274,0,0,89.7
12-04-26,AB T61,FALSE,707,100,707,70
12-04-26,AB T86,FALSE,594,100,594,66.3
14-04-26,AB from ABT87xT96,FALSE,118,0,0,66
14-04-26,ABT93 x GataT79,FALSE,715,0,0,96
14-04-26,Gata T11,FALSE,1055,0,0,94
14-04-26,Gata T10,FALSE,259,0,0,88.4
14-04-26,Gata T13,FALSE,132,0,0,30
14-04-26,Gata T112 x Gata113,FALSE,376,0,0,76
14-04-26,Gata T112 x GataT79,FALSE,645,0,0,84
14-04-26,AB T117,FALSE,0,0,0,0
15-04-26,ABT117 x ABT93,FALSE,1130,0,0,93.57
15-04-26,ABT118 x ABT93,FALSE,1538,0,0,91.28
15-04-26,ABT117 x ABT118,FALSE,340,0,0,87.9
18-04-26,ABT86,FALSE,369,100,369,89
18-04-26,ABT90,FALSE,350,0,0,0
20-04-26,ABT87,FALSE,845,100,845,0
20-04-26,ABT61,FALSE,893,100,893,90.6
20-04-26,ABT97,FALSE,795,100,795,92
20-04-26,ABT96,FALSE,579,100,579,91.2
22-04-26,ABT81,FALSE,294,100,294,0
22-04-26,ABT106,FALSE,269,100,269,80
22-04-26,ABT106xABT93,FALSE,1461,100,1461,83
23-04-26,ABT80,FALSE,14,100,14,93
23-04-26,A13 T93xABT95,FALSE,0,0,0,61.75
25-04-26,ABT97,FALSE,533,100,533,86.67
25-04-26,ABT96,FALSE,597,100,597,76.04
25-04-26,ABT61 (only 1 breeding tank),FALSE,711,100,711,0
25-04-26,Casper T15,FALSE,0,0,0,0
25-04-26,Casper T115 in tank,TRUE,727,100,727,38
25-04-26,Casper From T67(F) x T15(M) In tank 3/7/25,TRUE,0,0,0,0
27-04-26,ABT87,FALSE,364,0,0,81
27-04-26,ABT87 + ABT96,FALSE,150,0,0,73
27-04-26,"ABT86, 87, 96 in tank breeders (ABT128)",TRUE,119,0,0,74.7
27-04-26,ABT90,FALSE,364,0,0,80
27-04-26,ABT86,FALSE,464,0,0,85.5
29-04-26,Gata101 x ABT93,FALSE,1344,0,0,93
29-04-26,Gata 101,FALSE,774,0,0,79
29-04-26,Gata Nov 25 x ABT93,FALSE,849,0,0,92
29-04-26,Gata Nov 25 x Gata T112,FALSE,367,0,0,53
02-05-26,No breeding setup,FALSE,0,0,0,0
04-05-26,AB T61,FALSE,180,80,144,88
09-05-26,ABT90,FALSE,198,0,0,77
09-05-26,ABT86,FALSE,622,0,0,85
10-05-26,ABT97,FALSE,482,100,482,87
10-05-26,ABT61,FALSE,300,100,300,79
10-05-26,ABT87,FALSE,1262,0,0,80
10-05-26,ABT96,FALSE,879,0,0,78
11-05-26,ABT128,FALSE,11,100,11,92
11-05-26,ABT129,FALSE,165,100,165,79
11-05-26,ABT106xABT81,FALSE,861,100,861,92
11-05-26,ABT106xABT93,FALSE,2678,100,2678,82
11-05-26,ABT81,FALSE,1237,100,1237,91.5
13-05-26,ABT76xABT130,FALSE,1186,100,1186,81.45
13-05-26,ABT90xABT130,FALSE,614,100,614,75.73
13-05-26,ABT80,FALSE,604,100,604,76
13-05-26,ABT95xABT130,FALSE,2140,100,2140,71.49
16-05-26,Cas T109,FALSE,4,100,4,25
16-05-26,Cas(F)T114 (M)T77,FALSE,0,0,0,0
16-05-26,Cas(F)T121 (M)T77,FALSE,89,100,89,93
16-05-26,Cas T108,FALSE,294,85,250,97.6
16-05-26,AB T97,FALSE,327,100,327,0
16-05-26,AB T128,FALSE,60,100,60,96.6
18-05-26,ABT86,FALSE,823,100,823,0
18-05-26,ABT96,FALSE,946,100,946,0
18-05-26,ABT87,FALSE,663,100,663,0
19-05-26,fliT98,FALSE,132,100,132,0
19-05-26,fliT70,FALSE,714,100,714,29.8
19-05-26,fliT133,FALSE,225,100,225,77.7
19-05-26,fliT132,FALSE,272,100,272,48.8
19-05-26,fliT111,FALSE,427,82,350,52
19-05-26,fliT133 x fliT98,FALSE,66,100,66,92
20-05-26,GataT101,FALSE,677,100,677,82
20-05-26,GataT113,FALSE,1056,100,1056,68
24-05-26,Gata/112,FALSE,208,100,208,0
24-05-26,Gata/110,FALSE,1095,100,1095,94
24-05-26,Gata/T04,FALSE,636,100,636,6
24-05-26,"Gata T10, T12",FALSE,411,90,370,50
26-05-26,ABT80,FALSE,452,100,452,76
26-05-26,ABT81,FALSE,1036,100,1036,84
26-05-26,ABT129,FALSE,433,100,433,94
26-05-26,ABT106,FALSE,1214,100,1214,80
29-05-26,ABT128,FALSE,346,100,346,87
29-05-26,ABT86,FALSE,1023,100,1023,83
29-05-26,ABT87,FALSE,226,100,226,92
29-05-26,ABT97,FALSE,332,100,332,93
30-05-26,ABT128,FALSE,346,100,346,0
30-05-26,ABT87,FALSE,270,100,270,0
30-05-26,ABT129,FALSE,200,100,200,93
01-06-26,ABT96,FALSE,802,100,802,75
01-06-26,ABT86,FALSE,424,100,424,82
01-06-26,ABT97,FALSE,478,100,478,71
02-06-26,Gata T111,FALSE,404,100,404,80
02-06-26,Gata T120,FALSE,142,100,142,57
02-06-26,Gata T110,FALSE,144,100,144,90
04-06-26,ABT81,FALSE,951,100,951,0
05-06-26,AB T90,FALSE,328,100,328,89.6
05-06-26,AB T97,FALSE,735,99.7,733,84.4
05-06-26,ABT87 x ABT96,FALSE,69,98.5,68,80.8
05-06-26,ABT86 x ABT87,FALSE,191,98.5,188,96.8
05-06-26,ABT96 x ABT86,FALSE,181,97.2,176,78.9
06-06-26,"Gata T113, Gata T102, Gata T112, Gata T124, GT81, ABT30",FALSE,511,100,511,70
06-06-26,Gata T112,FALSE,145,100,145,0
06-06-26,Gata T101,FALSE,489,100,489,67
06-06-26,Gata T106,FALSE,582,100,582,89
06-06-26,Gata T111,FALSE,836,100,836,73
07-06-26,ABT128,FALSE,466,100,466,88
07-06-26,ABT129,FALSE,269,100,269,92
07-06-26,ABT97,FALSE,311,100,311,81
08-06-26,ABT103,FALSE,349,100,349,79
08-06-26,ABT56 x Gaba T49,FALSE,1546,100,1546,67
08-06-26,ABT65xABT103,FALSE,429,100,429,83
08-06-26,ABT56x,FALSE,922,100,922,68
10-06-26,GataT49 x GataT73,FALSE,0,100,0,0
10-06-26,ABT87 (intank),TRUE,467,100,467,77
10-06-26,ABT96 (intank),TRUE,347,100,347,75
10-06-26,ABT86 (in tank),TRUE,617,100,617,78
10-06-26,A1B T106 (in tank),TRUE,1055,100,1055,70
10-06-26,Gata T127,FALSE,131,100,131,0
13-06-26,AB T97,FALSE,403,100,403,0
13-06-26,AB T128,FALSE,238,100,238,85
13-06-26,AB T129,FALSE,762,100,762,86
13-06-26,"Casp T122 1F,1M (both Pure)",FALSE,0,100,0,0
13-06-26,"Casp T108 2F,1M (both Pure)",FALSE,279,100,279,0
13-06-26,"Casp T109 1F,1M (both Pure)",FALSE,93,100,93,82.7
13-06-26,"Casp(F)T114, Casp(M)T77, Both Pure",FALSE,0,100,0,0
13-06-26,"Casp 1F, T109, Casp 1M, T77, Both Pure",FALSE,20,100,20,95
13-06-26,"Casp 1F/T124, Casp 1M/T77, Both Pure",FALSE,0,100,0,0
13-06-26,"Casp(susp F)T124, Casp(IM),T122",FALSE,0,100,0,0
14-06-26,"Casp 108, 2F, 1M Pure",FALSE,145,100,145,0
14-06-26,"Casp T110, 1F, 1M Pure",FALSE,0,100,0,0
14-06-26,"Casp T114(F), Casp T77(M)1, Both Pure",FALSE,0,100,0,0
14-06-26,"Casp T109, 1F, Casp T77, 1M, Both Pure",FALSE,0,100,0,0
14-06-26,"Casp T124, 1F, Casp T77, 1M, Both Pure",FALSE,0,100,0,0
14-06-26,"Cas(Susp.F)T124, Casp(M)T122",FALSE,0,100,0,0
14-06-26,"Casp T122, 1M, 1F, both Pure",FALSE,75,100,75,100
16-06-26,"ABT117x(M), ABT56(F)",FALSE,408,100,408,88.23
16-06-26,ABT118xABT103(F),FALSE,637,100,637,113
17-06-26,ABT103,FALSE,1410,100,1410,81.98
17-06-26,Cas T116 (in tank),TRUE,443,100,443,65.23
17-06-26,Cas T69 (in tank),TRUE,1263,99.52,1257,0
17-06-26,"Cas T69(F), T77(M)",FALSE,0,100,0,0
17-06-26,Cas T131(Pure)F x T123(Pure)M,FALSE,0,100,0,0
17-06-26,"Casp T121, Cas.T13Bsilver(M), T123(Pure)",FALSE,357,100,357,79.55
20-06-26,No set-up,FALSE,0,100,0,0
21-06-26,ABT129,FALSE,333,100,333,87.58
21-06-26,ABT128,FALSE,242,100,242,84.29
21-06-26,ABT87,FALSE,649,100,649,84.5
21-06-26,Gaba T110,FALSE,135,100,135,84.4
21-06-26,Gata T111,FALSE,865,100,865,83
21-06-26,Gaba T113,FALSE,479,100,479,64
21-06-26,Gaba T120,FALSE,192,100,192,88.5
26-06-26,Casp T116 in tank,TRUE,0,100,0,2
26-06-26,Casp T69 in tank,TRUE,99,100,99,0
26-06-26,Casp T121 in tank,TRUE,0,100,0,0
26-06-26,ABT87,FALSE,403,100,403,82.5
26-06-26,ABT128,FALSE,0,100,0,0
27-06-26,Casp T115 in tank,TRUE,0,100,0,0
27-06-26,Casp T66 in tank,TRUE,0,100,0,0
28-06-26,ABT129,FALSE,443,100,443,82.2
28-06-26,ABT96,FALSE,904,100,904,228
28-06-26,ABT86,FALSE,1028,100,1028,7.33
28-06-26,ABT97,FALSE,106,100,106,85.8
28-06-26,"ABT99xABT130, ABT98xABT130",FALSE,1118,100,1118,73.7
29-06-26,Casp T126 in tank,TRUE,219,100,219,91.32
29-06-26,Casp T125 in tank,TRUE,198,100,198,78.28
29-06-26,AB T99(F) x AB T130(M),FALSE,330,100,330,89
29-06-26,Gata T110 (intank),TRUE,368,100,368,95
29-06-26,Gata T111 (intank),TRUE,102,100,102,63
29-06-26,Gata T120 (intank),TRUE,131,100,131,78
29-06-26,Gata T113 (intank),TRUE,306,100,306,23
30-06-26,Gata T73,FALSE,0,0,0,0
30-06-26,Gata T127,FALSE,48,100,48,75
30-06-26,Gata T111 (intank),TRUE,101,100,101,92
30-06-26,Gata T49(M) x Gata T73(F),FALSE,911,100,911,86
04-07-26,Casp T121 intank,TRUE,0,0,0,0
04-07-26,"Casp T108 F,1 T77 M,1",FALSE,0,0,0,0
04-07-26,"Casp T124 1F,1M",FALSE,0,0,0,0
04-07-26,"Casp T109,F,1 T122,M,1",FALSE,175,99.4,174,33
04-07-26,"Casp T109 1F,1M",FALSE,0,0,0,0
04-07-26,"Cas T122 1F,1M",FALSE,0,0,0,0
04-07-26,"Casp T131 1F,1M",FALSE,0,0,0,0
04-07-26,"Casp T144,F,1 T77,M,1",FALSE,0,0,0,0
04-07-26,"Casp T108 1F,1M",FALSE,134,96,129,91.66
04-07-26,Casp T126 In tank,TRUE,226,100,226,90.5
04-07-26,Casp T125 In tank,TRUE,231,100,231,79.2
04-07-26,Casp T115 intank,TRUE,737,100,737,84.12
05-07-26,AB T86,FALSE,955,100,955,93
05-07-26,AB T96,FALSE,744,100,744,82
05-07-26,AB T99(F) x AB T130(M),FALSE,411,100,411,92
05-07-26,AB T76(F) x AB T130(M),FALSE,487,100,487,94
06-07-26,Gata T49(M) x Gata T73(F),FALSE,546,100,546,94
06-07-26,Gata T127,FALSE,0,0,0,0
07-07-26,Gata T127,FALSE,471,100,471,72
11-07-26,AB T87,FALSE,0,0,0,0
11-07-26,AB T86,FALSE,228,100,228,73
18-07-26,AB T86 intank,TRUE,391,100,391,84
18-07-26,AB T129 intank,TRUE,421,100,421,75
18-07-26,AB T96 intank,TRUE,387,100,387,74
19-07-26,AB T106 intank,TRUE,333,100,333,90
19-07-26,AB T81 intank,TRUE,598,100,598,83
19-07-26,AB T80 intank,TRUE,331,100,331,61
19-07-26,Gata T110 intank,TRUE,76,100,76,94
19-07-26,Gata T120 intank,TRUE,32,100,32,62
20-07-26,Fli T98 intank,TRUE,274,100,274,34.3
20-07-26,Fli T83 intank,TRUE,624,100,624,77.8
20-07-26,Fli T133 intank,TRUE,747,93,695,76.7
20-07-26,Fli T119 intank,TRUE,345,100,345,95.9
20-07-26,Fli T132 intank,TRUE,163,58,95,84.2
25-07-26,Gata T110,FALSE,0,0,0,0
25-07-26,Gata T120,FALSE,71,100,71,60
26-07-26,Gata T111,FALSE,897,100,897,22
26-07-26,Gata T113,FALSE,138,100,138,0
26-07-26,Gata T113(F) x Gata T112(M),FALSE,349,100,349,22
26-07-26,Gata T112(M) x Gata T101(F),FALSE,666,100,666,44
26-07-26,Gata T101(M) x Gata T113(F),FALSE,268,100,268,84
27-07-26,AB T87,FALSE,768,97,745,93
27-07-26,AB T83,FALSE,634,100,634,78
27-07-26,AB T106,FALSE,906,100,906,66
27-07-26,AB T86,FALSE,931,100,931,89
28-07-26,AB T99(F) x AB T130(M),FALSE,947,100,947,76
28-07-26,AB T79(F) x AB T130(M),FALSE,2080,100,2080,79
28-07-26,AB T93(M) x AB T95(F),FALSE,681,100,681,73
28-07-26,AB T97,FALSE,159,100,159,81
28-07-26,AB T87,FALSE,760,100,760,83
28-07-26,AB T128,FALSE,317,100,317,68
03-08-26,AB T129,FALSE,625,100,625,95.2
03-08-26,AB T96,FALSE,774,100,774,81
03-08-26,AB T86,FALSE,1007,100,1007,87.6
03-08-26,AB T80,FALSE,387,100,387,78
03-08-26,AB T106,FALSE,1722,100,1722,71
04-08-26,AB T128,FALSE,528,100,528,82.9
04-08-26,AB T93(M) x AB T95(F),FALSE,1017,100,1017,91
04-08-26,AB T99(F) x AB T130(M),FALSE,409,100,409,79
04-08-26,AB T97,FALSE,502,100,502,91
04-08-26,AB T87,FALSE,298,100,298,68
04-08-26,AB T129,FALSE,147,100,147,97
04-08-26,AB T76(F) x AB T130(M),FALSE,210,100,210,96
08-08-26,AB T129,FALSE,61,100,61,78
08-08-26,AB T128,FALSE,374,100,374,95.1
10-08-26,AB T97,FALSE,201,100,201,73
11-08-26,Fli T98,FALSE,60,100,60,10
11-08-26,Fli T82,FALSE,466,100,466,96.5
11-08-26,Fli T133,FALSE,177,100,177,87.5
11-08-26,Fli T119,FALSE,516,100,516,88
11-08-26,Fli T70,FALSE,355,100,355,7
11-08-26,AB T80 intank,TRUE,211,100,211,72.9
11-08-26,Fli T133(F) x Fli T98(M),FALSE,71,100,71,73
11-08-26,AB T81 intank,TRUE,597,100,597,87
11-08-26,AB T86 intank,TRUE,567,100,567,89.9
15-08-26,Fli T82,FALSE,506,100,506,91
15-08-26,Fli T119,FALSE,872,100,872,95
16-08-26,Fli T133,FALSE,306,100,306,77
16-08-26,Fli T133(F) x Fli T98(M),FALSE,282,100,282,83
16-08-26,Fli T132,FALSE,237,100,237,91
16-08-26,Fli T70,FALSE,350,100,350,14
16-08-26,Fli T98,FALSE,57,100,57,0
22-08-26,AB T129 In tank,TRUE,122,100,122,81.9
22-08-26,AB T87,FALSE,699,100,699,86
23-08-26,AB T99(F) x AB T130(M),FALSE,361,100,361,96
23-08-26,AB T80,FALSE,392,100,392,67
24-08-26,AB T128,FALSE,303,100,303,92
24-08-26,AB T95(F) x AB T93(M),FALSE,1312,100,1312,74.92
25-08-26,AB T97,FALSE,0,0,0,0
25-08-26,AB T81,FALSE,759,100,759,69.2
25-08-26,AB T106,FALSE,2252,74,1666,84.6
26-08-26,Fli T119,FALSE,467,100,467,93.61
28-08-26,Fli T119,FALSE,508,100,508,88.6
29-08-26,AB T129,FALSE,320,100,320,97.8
29-08-26,AB T128,FALSE,185,100,185,70.27
29-08-26,AB T87,FALSE,0,0,0,0
29-08-26,AB T86,FALSE,1244,100,1244,86.2
29-08-26,AB T86 + AB T93(F)(M),FALSE,98,100,98,94.8
5 Jan 26 / 6 Jan 26,Fli T11,TRUE,50,20,10,0
6 Jan 26 / 5 Jan 26,Casper (3/7/25) 1F,TRUE,0,0,0,0
APR27/26,fli T54,FALSE,877,100,877,57
APR27/26,fli T104,FALSE,272,100,272,29.6
APR27/26,Gli T105 x ABT56,FALSE,258,100,258,93
APR27/26,fli T72,FALSE,0,0,0,0
Collection: June 04,ABT103 x ABT103,FALSE,2,100,2,83.5
Collection: June 04,AB106 x ABT93,FALSE,1025,100,1025,73.3
Collection: June 04,AB106,FALSE,554,100,554,95.6
Collection: June 04,ABT80,FALSE,421,100,421,85
"June 15, 26",ABT87,FALSE,250,100,250,94.58
"June 15, 26",ABT86,FALSE,1155,100,1155,83.29
"June 15, 26",ABT96,FALSE,721,100,721,62
"June 15, 26",ABT103xABT117(M),FALSE,385,100,385,84
"June 15, 26",GabaT49xABT118,FALSE,51,100,51,94
"June 15, 26",ABT103xABT56,FALSE,501,100,501,0
"June 15, 26",ABT118,FALSE,807,100,807,0
June 17-26,Cas.126 in tank,TRUE,0,100,0,0
June 17-26,"Cas T114(F), Pure T.123(M)",FALSE,0,100,0,0
"June 22, 26","Gata T127, Gata T113",FALSE,36,100,36,83
"June 22, 26",Gata T73,FALSE,381,100,381,23
"June 22, 26",Gata T73 x Gata T49,FALSE,786,100,786,96
"June 23-setup, June 24-counting",Gata T112(M) x Gata T101(F),FALSE,490,100,490,84.08
"June 23-setup, June 24-counting",Gata T49(F) x ABT93(M),FALSE,1970,98.98,1950,72.85
"June 23-setup, June 24-counting",Gata T112(F) x Gata T102(M),FALSE,31,100,31,31
"June 23-setup, June 24-counting",Gata T49(F) x Gata T101(M),FALSE,751,100,751,41.94
"June 23-setup, June 24-counting",Gata T112(M) x Gata T79(F),FALSE,828,100,828,63.64
"June 24-setup, June 25-counting",ABT81 (in tank),TRUE,1101,100,1101,79.83
"June 24-setup, June 25-counting",ABT80 (in tank),TRUE,574,100,574,67.59
"June 24-setup, June 25-counting",ABT106 (in tank),TRUE,3714,100,3714,74.34
"June 9, 26",ABT118,FALSE,1005,100,1005,74.9
"June 9, 26","ABT103xGataT49, GabaT73",FALSE,1081,100,1081,89
"June 9, 26",ABT118,FALSE,455,100,455,81.7
"June 9, 26",ABT118 GataT73,FALSE,144,100,144,90
