Spawn_Date,Fish_Line,In_Tank,Total_Eggs_0H,Survival_Rate_0H,Live_Embryos_0H,Survival_Rate_24H,Live_Embryos_24H
22-01-24,AB T22,FALSE,1252,100,1252,86.3,1080
22-01-24,Fli T54,FALSE,22,100,22,0,0
22-01-24,Fli T51,FALSE,699,67,468,58,272
22-01-24,Fli T38,FALSE,77,100,77,11,8
22-01-24,Fli T50,FALSE,692,98.5,682,55,375
22-01-24,Fli T55+ AB T33,FALSE,146,100,146,95,139
23-01-24,AB T52,FALSE,250,96,240,91.6,220
23-01-24,ABT57 ,FALSE,250,59,148,77,114
23-01-24,Fli T50,FALSE,24,78,19,9.5,2
23-01-24,AB T29,FALSE,1328,99,1315,84.7,1114
23-01-24,AB T53,FALSE,577,99.6,575,92.5,532
23-01-24,AB T24,FALSE,1043,100,1043,75.1,783
23-01-24,AB T23,FALSE,1661,99.6,1654,81,1340
23-01-24,AB T46,FALSE,1709,98,1675,91.9,1539
23-01-24,AB T49 ,FALSE,1339,94,1259,96.3,1212
27-01-24,AB T22,FALSE,823,99,815,84.4,688
27-01-24,AB T32,FALSE,1636,100,1636,80,1309
28-01-24,AB T23,FALSE,773,100,773,,0
29-01-24,AB T28,FALSE,916,100,916,85,779
29-01-24,AB T28,FALSE,1944,99.5,1934,96,1857
11-02-24,AB T22,FALSE,870,100,870,95.9,834
11-02-24,AB T23,FALSE,800,100,800,85.25,682
11-02-24,AB T32,FALSE,45,100,45,77,35
11-02-24,AB T28,FALSE,737,100,737,99.4,733
11-02-24,AB T34,FALSE,475,53,252,83,209
12-02-24,AB T24,FALSE,1555,100,1555,81.3,1264
17-02-24,AB T32,TRUE,533,98.8,527,76.2,401
17-02-24,AB T29,FALSE,838,100,838,97.1,814
18-02-24,AB T24,FALSE,1158,100,1158,89,1031
19-02-24,AB T32,FALSE,1794,100,1794,89.3,1602
20-02-24,AB T23,FALSE,372,100,372,86.8,323
24-02-24,AB T22,FALSE,716,100,716,87.25,625
24-02-24,AB T46,FALSE,977,100,977,93.6,914
24-02-24,AB T57,FALSE,101,100,101,93,94
24-02-24,AB T47,FALSE,115,100,115,96.5,111
24-02-24,AB T49,FALSE,229,98.6,226,72.5,164
25-02-24,AB T36,FALSE,1623,99.8,1620,90,1458
26-02-24,AB T34,FALSE,346,100,346,90,311
26-02-24,Gata T59,FALSE,404,100,404,67,271
26-02-24,Gata T60,FALSE,256,100,256,23,59
02-03-24,AB T27,FALSE,459,98.8,453,72.6,329
02-03-24,AB T27,FALSE,0,0,0,0,0
02-03-24,AB T33,FALSE,475,99,470,85.8,403
02-03-24,AB T35,FALSE,103,99,102,86.2,88
03-03-24,AB T22,FALSE,767,100,767,85.9,659
05-03-24,AB T25,FALSE,294,95,279,93,260
05-03-24,AB T52,FALSE,571,100,571,96.3,550
05-03-24,AB T53,FALSE,186,100,186,97,180
09-03-24,AB T22,FALSE,943,100,943,95,896
10-03-24,Fli T48,FALSE,1236,99,1224,91.8,1123
10-03-24,Fli T55,FALSE,521,91.9,479,91.85,440
10-03-24,Fli T54,FALSE,1250,91,1138,88.45,1006
10-03-24,Fli T50,FALSE,833,98.6,821,91.3,750
10-03-24,Fli T38,FALSE,566,99.4,563,46.7,263
10-03-24,Fli T61,FALSE,1248,99.8,1246,72.7,905
20-04-24,AB T22,FALSE,2525,100,2525,80.9,2043
20-04-24,AB T23,FALSE,853,97,827,75,621
20-04-24,AB T33,FALSE,73,100,73,95.8,70
20-04-24,AB T27,FALSE,561,100,561,81,454
21-04-24,AB T32,FALSE,2169,99.3,2154,79,1702
21-04-24,CMCL2 T21,FALSE,62,100,62,85,53
21-04-24,Gata T59,FALSE,222,100,222,59,131
21-04-24,Fli T48,FALSE,204,100,204,80,163
22-04-24,Gata from 23/10/23,FALSE,456,100,456,64,292
22-04-24,Fli from 21/11/23,FALSE,409,87.1,356,58.9,210
22-04-24,Gata T60,FALSE,452,99.3,449,81,364
22-04-24,CmcL2 T16,FALSE,264,99.2,262,60,157
22-04-24,Fli T50,FALSE,321,93.7,301,80.5,242
23-04-24,AB T33,FALSE,143,100,143,87,124
28-04-24,AB T24,FALSE,1065,100,1065,78.5,836
28-04-24,AB T28,FALSE,735,99.1,728,76,554
29-04-24,AB T23,TRUE,1177,99.9,1176,76,894
29-04-24,AB T32,TRUE,969,99,959,79,758
29-04-24,AB T22 ,TRUE,1499,94,1409,92,1296
25-05-24,AB T27,FALSE,282,100,282,94,265
25-05-24,AB T36,FALSE,1383,100,1383,86,1189
25-05-24,AB T25,FALSE,935,100,935,74.5,697
26-05-24,AB T35,FALSE,679,96,652,64,417
26-05-24,AB T30,FALSE,320,96,307,94,289
26-05-24,AB T22,FALSE,2447,97,2374,64,1519
27-05-24,AB T34,FALSE,138,100,138,57,79
27-05-24,AB T27,FALSE,264,100,264,90,238
28-05-24,AB T49,FALSE,1823,100,1823,80.5,1468
28-05-24,AB T47,FALSE,1362,96,1308,93.4,1221
01-06-24,AB T23,FALSE,1764,99,1746,82,1432
01-06-24,AB T29,FALSE,1721,99,1704,87.2,1486
02-06-24,AB T47(M) X Cas T13(F),FALSE,212,100,212,50.4,107
02-06-24,AB T47(F) X Cas T13(M),FALSE,172,100,172,40,69
02-06-24,AB T46,FALSE,1455,100,1455,64.5,938
03-06-24,Fli T38,FALSE,1254,99,1241,74,919
03-06-24,Gata T60,FALSE,648,100,648,73,473
03-06-24,Gata T59,FALSE,482,100,482,63,304
03-06-24,Gata F2 Sidra not screened,FALSE,409,100,409,64,262
03-06-24,Fli T51,FALSE,1435,100,1435,80,1148
03-06-24,Fli T61,FALSE,0,0,0,0,0
03-06-24,Fli T50,FALSE,77,96,74,25,18
03-06-24,Fli T54,FALSE,181,0,0,93,0
03-06-24,Fli T48,FALSE,671,100,671,87,584
04-06-24,AB T35,FALSE,42,100,42,76,32
04-06-24,AB T25,FALSE,1213,100,1213,79,958
04-06-24,AB T27,FALSE,145,100,145,89,129
04-06-24,AB T34,FALSE,167,100,167,53.8,90
04-06-24,AB T30,FALSE,158,100,158,91,144
04-06-24,AB T31,FALSE,141,97,137,47,64
04-06-24,AB T27,FALSE,24,100,24,66.6,16
04-06-24,AB T36,FALSE,1040,100,1040,84,874
08-06-24,AB T53,FALSE,0,0,0,0,0
08-06-24,AB T52,FALSE,397,100,397,93,369
08-06-24,AB (Sidra) G1 tank ,FALSE,55,100,55,50.9,28
08-06-24,AB T22,FALSE,1272,99.3,1263,79.3,1002
08-06-24,AB T24,FALSE,2013,97,1953,73,1425
08-06-24,AB T23,FALSE,1210,100,1210,68.9,834
09-06-24,AB T47,FALSE,137,100,137,94.5,129
09-06-24,Cas T13(F) X AB T47(M),FALSE,240,100,240,90,216
09-06-24,AB T47(F) Cas T13(M),FALSE,0,0,0,0,0
06-07-24,AB T35,FALSE,434,7,30,67,20
06-07-24,AB T30,FALSE,41,100,41,100,41
07-07-24,AB T25,FALSE,409,100,409,84,344
07-07-24,AB T34,FALSE,258,100,258,77,199
07-07-24,AB T36,FALSE,530,100,530,89,472
07-07-24,AB T22,FALSE,604,100,604,82,495
07-07-24,AB T23,FALSE,153,100,153,75,115
14-07-24,AB T30,FALSE,394,100,394,90.1,355
14-07-24,AB T27,FALSE,794,98.2,780,74.7,582
14-07-24,AB T25,FALSE,591,100,591,88,520
14-07-24,AB T36,FALSE,470,96.1,452,99.1,448
14-07-24,AB T27,FALSE,411,93.1,383,91.6,350
16-07-24,Gata T59,FALSE,37,100,37,0,0
16-07-24,Gata T60,FALSE,93,100,93,70,65
16-07-24,Gata F2+ Tecni system,FALSE,0,0,0,0,0
16-07-24,Gata F2 Tecni System,FALSE,192,100,192,6.25,12
17-07-24,AB T28,TRUE,0,0,0,0,0
17-07-24,AB T29,TRUE,452,97.8,442,83,367
17-07-24,AB T31,FALSE,544,100,544,78.1,425
17-07-24,Gata G.F2.1,FALSE,65,100,65,66.1,43
17-07-24,AB T23,TRUE,1857,98.9,1837,66.7,1225
28-07-24,AB T32,TRUE,910,98.5,896,82.05,735
28-07-24,AB T35,TRUE,532,100,532,85.15,453
30-07-24,AB T48,FALSE,947,98.7,935,87.77,820
30-07-24,AB T47,FALSE,147,95.8,141,57.14,80
30-07-24,AB T49,FALSE,619,99.6,617,62.3,384
30-07-24,AB T57,FALSE,92,82.6,76,7.9,6
03-08-24,AB T23,TRUE,2149,99.5,2138,80.2,1715
03-08-24,AB T27,FALSE,952,99.7,949,94.3,895
03-08-24,AB T30,FALSE,883,100,883,94,830
03-08-24,AB T25,TRUE,1509,99.6,1503,88.5,1330
03-08-24,AB T27,TRUE,120,100,120,86.6,104
04-08-24,AB T36,FALSE,1243,100,1243,64.75,805
04-08-24,AB T31,FALSE,185,100,185,81.6,151
04-08-24,AB T29,TRUE,1969,100,1969,75.6,1489
10-08-24,AB T27,FALSE,676,100,676,98,662
10-08-24,AB T24,TRUE,1603,100,1603,78.5,1258
10-08-24,AB T22,TRUE,903,99,894,75.4,674
10-08-24,AB T32,TRUE,896,100,896,80,717
11-08-24,AB T27,FALSE,204,100,204,98,200
11-08-24,AB T25,TRUE,1018,99,1008,87.1,878
11-08-24,AB T30,FALSE,724,100,724,83.33,603
11-08-24,AB T27,TRUE,269,100,269,83.6,225
11-08-24,AB T36,TRUE,628,100,628,90.2,566
13-08-24,Fli T51,FALSE,329,100,329,57.4,189
13-08-24,Fli (Sidra) G1,FALSE,440,100,440,71.8,316
13-08-24,Fli T48,FALSE,641,100,641,79.5,510
13-08-24,Fli T50,FALSE,0,0,0,0,0
17-08-24,AB T27,FALSE,621,100,621,92.66,575
17-08-24,AB T31,FALSE,740,100,740,78.3,579
17-08-24,AB T28,TRUE,0,0,0,0,0
17-08-24,AB T23,FALSE,958,100,958,62,594
18-08-24,AB T29,TRUE,968,100,968,83,803
18-08-24,AB T27,TRUE,581,100,581,96,558
18-08-24,AB T27,FALSE,170,100,170,100,170
18-08-24,AB T25,TRUE,370,100,370,92,340
18-08-24,AB T36,FALSE,221,100,221,91,201
19-08-24,AB T35,FALSE,126,100,126,57,72
20-08-24,AB T31,FALSE,136,100,136,67,91
20-08-24,AB T52,FALSE,4188,100,4188,85.6,3585
20-08-24,AB T53,FALSE,0,0,0,0,0
24-08-24,Fli T54,FALSE,244,100,244,81,198
24-08-24,Fli T51,FALSE,252,100,252,80,202
24-08-24,AB T36,FALSE,381,100,381,95.8,365
24-08-24,Fli T48,FALSE,281,100,281,94.6,266
24-08-24,Gata T59,FALSE,397,100,397,60,238
24-08-24,AB T25,FALSE,944,100,944,96.8,914
24-08-24,AB T27,FALSE,350,100,350,96.8,339
24-08-24,Fli from F1 (29.11),FALSE,278,100,278,73,203
25-08-24,AB T29,FALSE,285,100,285,78,222
25-08-24,AB T28,FALSE,134,100,134,97,130
25-08-24,AB T31,FALSE,210,100,210,63,132
25-08-24,AB T23,FALSE,1329,100,1329,65.5,870
25-08-24,AB T27,FALSE,1401,100,1401,91,1275
27-08-24,ABT57,FALSE,84,91,76,50,38
27-08-24,AB T47,FALSE,282,100,282,86,243
27-08-24,AB T46,FALSE,2052,100,2052,84,1724
27-08-24,ART49,FALSE,861,100,861,77,663
30-08-24,AB T30,FALSE,567,100,567,86.59,491
08-09-24,AB T23,FALSE,141,98,138,70.9,98
10-09-24,AB T46,FALSE,1907,99,1888,90,1699
10-09-24,AB T53,FALSE,141,100,141,94,133
10-09-24,AB T31,FALSE,369,100,369,90,332
10-09-24,AB T47,FALSE,310,100,310,85,264
10-09-24,AB T49,FALSE,533,98.8,527,65.8,347
10-09-24,AB T52,FALSE,3835,99,3797,87.4,3318
10-09-24,AB T57,FALSE,339,100,339,11,37
14-09-24,AB T27,FALSE,1006,100,1006,88.88,894
14-09-24,AB T31,FALSE,477,100,477,83.6,399
14-09-24,AB T28,FALSE,248,100,248,98.8,245
14-09-24,AB T36,FALSE,222,100,222,88,195
14-09-24,AB T27,FALSE,684,100,684,89,609
14-09-24,AB T30,FALSE,200,100,200,85.55,171
14-09-24,AB T29,FALSE,334,100,334,82.6,276
14-09-24,AB T23,FALSE,352,100,352,74.7,263
15-09-24,AB T32,FALSE,1131,100,1131,63,713
15-09-24,AB T22,FALSE,2300,100,2300,82,1886
22-09-24,AB T35,FALSE,187,100,187,83.4,156
22-09-24,AB T32,FALSE,458,100,458,83.9,384
22-09-24,AB T27,FALSE,854,100,854,92,786
22-09-24,AB T28,FALSE,90,100,90,100,90
23-09-24,Fli T51,FALSE,494,100,494,81.3,402
23-09-24,Fli T12,FALSE,691,100,691,73,504
23-09-24,Fli T48,FALSE,427,97,414,86.7,359
23-09-24,Fli T47,FALSE,310,100,310,75.8,235
23-09-24,Fli T38,FALSE,592,100,592,88.6,525
23-09-24,Fli T61,FALSE,718,100,718,75.6,543
23-09-24,Fli T54,FALSE,3853,91,3506,83.4,2924
28-09-24,AB T30,FALSE,339,100,339,79.6,270
28-09-24,AB T25,FALSE,664,100,664,93.7,622
28-09-24,AB T36,FALSE,512,100,512,86.5,443
28-09-24,AB T23,FALSE,1590,100,1590,77.4,1231
29-09-24,AB T57,FALSE,0,0,0,0,0
29-09-24,AB T52,FALSE,2796,98,2740,89.3,2447
29-09-24,AB T46,FALSE,1500,100,1500,89.8,1347
29-09-24,AB T49,FALSE,292,100,292,63,184
29-09-24,AB T47,FALSE,210,100,210,82.8,174
29-09-24,AB T27,FALSE,590,100,590,95.4,563
01-10-24,Fli T47,FALSE,669,100,669,78.4,524
01-10-24,Fli T51,FALSE,2226,100,2226,63,1402
01-10-24,Fli T50,FALSE,87,100,87,31,27
01-10-24,Gata T51,FALSE,0,0,0,0,0
02-10-24,AB T29,FALSE,1191,100,1191,92.1,1097
02-10-24,AB T31,FALSE,39,100,39,58.97,23
05-10-24,AB T28,FALSE,232,100,232,77.1,179
05-10-24,AB T23,FALSE,1405,100,1405,85,1194
05-10-24,AB T25,FALSE,161,100,161,94.4,152
05-10-24,AB T36,FALSE,407,100,407,91.4,372
06-10-24,AB T27,FALSE,177,100,177,96.8,171
06-10-24,AB T32,FALSE,992,100,992,84.7,840
06-10-24,AB T22,FALSE,1800,100,1800,90,1620
06-10-24,AB T30,FALSE,20,100,20,85,17
06-10-24,AB T31,FALSE,0,0,0,0,0
07-10-24,AB T34,FALSE,570,98,559,93,519
07-10-24,AB T24,FALSE,3479,97,3375,80,2700
07-10-24,AB T35,FALSE,661,98,648,71,460
12-10-24,AB T25,FALSE,174,100,174,93.1,162
12-10-24,AB T29,FALSE,635,100,635,86,546
12-10-24,AB T36,FALSE,269,100,269,96,258
13-10-24,AB T30,FALSE,712,100,712,92,655
13-10-24,AB T31,FALSE,116,100,116,90,104
13-10-24,AB T23,FALSE,317,100,317,70.5,223
14-10-24,Fli T52,FALSE,527,83,437,77.7,340
14-10-24,Fli T47,FALSE,1256,99,1243,64.2,798
14-10-24,Fli T58,FALSE,0,0,0,0,0
14-10-24,Gata T20,FALSE,0,0,0,0,0
14-10-24,Fli T11,FALSE,401,96,385,91.7,353
14-10-24,Fli T12,FALSE,228,86,196,77.5,152
20-10-24,AB T27,FALSE,618,100,618,78,482
20-10-24,AB T30,FALSE,120,100,120,95,114
20-10-24,AB T31,FALSE,74,100,74,75,56
20-10-24,AB T22,FALSE,845,100,845,96,811
20-10-24,AB T34,FALSE,817,100,817,85,694
20-10-24,AB T27,FALSE,172,100,172,88,151
21-10-24,AB T24,FALSE,1969,100,1969,89,1752
21-10-24,AB T32,FALSE,632,100,632,81,512
21-10-24,AB T38,FALSE,335,100,335,77,258
21-10-24,AB T39,FALSE,393,95,373,72,269
21-10-24,AB T23,FALSE,827,100,827,65,538
22-10-24,AB T63,FALSE,1816,100,1816,88,1598
22-10-24,AB T35,FALSE,212,95,201,84.65,170
23-10-24,AB T44,FALSE,5055,97.4,4924,89,4382
23-10-24,AB T46,FALSE,447,100,447,92,411
26-10-24,AB T28,FALSE,0,0,0,0,0
26-10-24,AB T27,TRUE,0,0,0,0,0
26-10-24,AB T30,TRUE,47,100,47,90,42
26-10-24,AB T22,FALSE,1141,99,1130,87.5,988
26-10-24,AB T27,TRUE,264,100,264,81,214
26-10-24,AB T24,FALSE,1593,100,1593,85.5,1362
27-10-24,AB T33,FALSE,0,0,0,0,0
27-10-24,AB T27,FALSE,868,100,868,92,799
27-10-24,AB T36,FALSE,770,100,770,91,701
27-10-24,AB T31,FALSE,254,100,254,75,191
27-10-24,AB T28,FALSE,0,0,0,0,0
28-10-24,Cas T15 (M) x AB T38 (F) ,FALSE,0,0,0,0,0
28-10-24,Cas T66 ,FALSE,0,0,0,0,0
28-10-24,Cas T66 (F) X AB T38 (M),FALSE,0,0,0,0,0
28-10-24,Cas T66 (M) X AB T38 (F),FALSE,0,0,0,0,0
28-10-24,Cas T15 (F) X AB T38 (M),FALSE,297,100,297,91.5,272
29-10-24,AB T62,FALSE,25,80,20,84,17
29-10-24,AB T60,FALSE,81,100,81,66,53
29-10-24,AB T57,FALSE,409,100,409,91,372
29-10-24,AB T59,FALSE,299,100,299,71.2,213
02-11-24,AB T30,FALSE,328,100,328,81.4,267
02-11-24,AB T27 ,FALSE,499,100,499,88.8,443
02-11-24,AB T22,FALSE,1758,98,1723,83,1430
03-11-24,AB T24,FALSE,1760,100,1760,88.8,1563
04-11-24,AB T23,TRUE,215,93,200,56.5,113
04-11-24,AB T38 (M) X AB T63 (F),FALSE,441,100,441,54.19,239
04-11-24,AB T64,TRUE,380,91.3,347,91,316
04-11-24,AB T35,FALSE,418,100,418,76,318
04-11-24,AB T32,TRUE,1188,95.7,1137,62,705
04-11-24,AB T39,FALSE,792,96,760,15,114
04-11-24,AB T63,FALSE,881,99,872,86.5,754
04-11-24,AB T38,FALSE,1350,100,1350,84,1134
04-11-24,AB T37,FALSE,0,0,0,0,0
04-11-24,Cas T15 (F) X AB T38 (M),FALSE,161,100,161,67.7,109
04-11-24,Cas T66,FALSE,0,0,0,0,0
04-11-24,Cas T66 (F) X AB T38 (M) ,FALSE,119,100,119,95.8,114
04-11-24,Cas T66 (F) X Cas T15 (M),FALSE,130,100,130,18.4,24
05-11-24,AB T46,FALSE,0,0,0,0,0
05-11-24,AB T44,FALSE,1881,100,1881,65.8,1238
09-11-24,AB T36,FALSE,1117,100,1117,90,1005
09-11-24,AB T31,FALSE,561,100,561,79.8,448
09-11-24,AB T22,TRUE,1404,100,1404,85.75,1204
09-11-24,AB T33,FALSE,0,0,0,0,0
10-11-24,Gata T21,FALSE,0,0,0,0,0
10-11-24,CMCL2 T17,FALSE,95,97.9,93,39.7,37
10-11-24,Gata T20,FALSE,0,0,0,0,0
10-11-24,AB T57,FALSE,330,98.4,325,91,295
10-11-24,Gata T51,FALSE,0,0,0,0,0
10-11-24,Gata T50,FALSE,0,0,0,0,0
10-11-24,AB T30,FALSE,664,99,657,90,592
10-11-24,CMCL2 T45,FALSE,366,100,366,84,307
11-11-24,AB T27,FALSE,247,100,247,77,190
11-11-24,AB T24,FALSE,1425,100,1425,87.1,1241
11-11-24,Fli T12,FALSE,0,0,0,0,0
11-11-24,Fli T13,FALSE,351,100,351,68.6,241
11-11-24,Fli T11,FALSE,520,100,520,94.4,491
11-11-24,Fli T11 (F) X AB T63 (M),FALSE,437,72,315,90.8,286
12-11-24,AB T39,FALSE,308,100,308,56.4,174
12-11-24,AB T23,FALSE,2277,100,2277,82,1867
12-11-24,AB T63,FALSE,1449,89,1290,58,748
12-11-24,AB T35,FALSE,1088,100,1088,77.2,840
12-11-24,AB T28,FALSE,292,100,292,98.9,289
12-11-24,AB T27,FALSE,490,100,490,91.8,450
12-11-24,AB T32,FALSE,1087,92.9,1010,70.8,715
12-11-24,AB T38,FALSE,169,100,169,90.5,153
13-11-24,AB T59,FALSE,112,100,112,83,93
13-11-24,AB T62,FALSE,51,100,51,78.4,40
13-11-24,AB T61,FALSE,67,100,67,58.2,39
13-11-24,AB T57,FALSE,102,100,102,67,68
13-11-24,AB T58,FALSE,179,100,179,48.6,87
13-11-24,Fli T47,FALSE,1519,100,1519,63.1,958
13-11-24,Fli T58,FALSE,179,100,179,92,165
13-11-24,AB T44,FALSE,1509,100,1509,92.2,1391
13-11-24,AB T46,FALSE,287,100,287,89.5,257
16-11-24,AB T33,FALSE,19,100,19,0,0
16-11-24,AB T31,FALSE,0,0,0,0,0
16-11-24,AB T22,FALSE,275,100,275,92,253
16-11-24,AB T36,FALSE,532,100,532,92.5,492
17-11-24,Gata T20,FALSE,180,100,180,60,108
17-11-24,AB T30,TRUE,292,100,292,69,201
17-11-24,AB T24,TRUE,1151,100,1151,78,898
17-11-24,Gata T21 (F) X Gata T19 (M),FALSE,0,0,0,0,0
17-11-24,Gata T21,FALSE,0,0,0,0,0
17-11-24,AB T57,FALSE,523,100,523,82,429
17-11-24,Cas T66,FALSE,0,0,0,0,0
17-11-24,Cas T15 (F) X Cas T66 (M),FALSE,0,0,0,0,0
17-11-24,Cas T15,FALSE,174,100,174,47,82
17-11-24,AB T28,FALSE,76,100,76,98,74
17-11-24,CMCL2 T17,FALSE,255,100,255,71,181
18-11-24,AB T32,FALSE,530,97,514,86,442
18-11-24,Fli T13,FALSE,61,100,61,36,22
18-11-24,Fli T11,FALSE,767,100,767,89,683
18-11-24,AB T60,FALSE,684,100,684,91,622
18-11-24,AB T27,FALSE,149,100,149,63,94
18-11-24,AB T23,FALSE,661,95,628,74,465
18-11-24,Fli T12,FALSE,1754,100,1754,84,1473
18-11-24,AB T59,FALSE,489,100,489,92,450
19-11-24,AB T61,FALSE,403,100,403,92,371
19-11-24,AB T64,FALSE,355,88.9,316,93,294
19-11-24,AB T63,FALSE,369,100,369,96,354
19-11-24,AB T38,FALSE,202,100,202,96,194
19-11-24,AB T62,FALSE,40,100,40,52,21
19-11-24,AB T39,FALSE,207,100,207,90,186
20-11-24,Gata T52,FALSE,0,0,0,0,0
20-11-24,CMCL2 T45,FALSE,0,0,0,0,0
20-11-24,Gata T51,FALSE,0,0,0,0,0
20-11-24,AB T44,FALSE,2980,98.4,2932,84,2463
20-11-24,AB T46,FALSE,125,100,125,84,105
23-11-24,AB T22,FALSE,766,100,766,87,666
23-11-24,AB T27,FALSE,212,100,212,81,172
23-11-24,AB T30,FALSE,210,100,210,62,130
23-11-24,AB T27,FALSE,69,100,69,84,58
23-11-24,AB T36,FALSE,554,100,554,84,465
24-11-24,AB T28,FALSE,54,100,54,67,36
24-11-24,AB T59,FALSE,257,100,257,80,206
24-11-24,AB T24,FALSE,726,100,726,83,603
30-11-24,AB T36,FALSE,700,100,700,89,623
30-11-24,AB T30,FALSE,32,100,32,75,24
30-11-24,AB T61,FALSE,355,100,355,91,323
30-11-24,AB T24,FALSE,1065,100,1065,80,852
01-12-24,AB T31,FALSE,329,100,329,96,316
01-12-24,AB T22,FALSE,1122,100,1122,90,1010
01-12-24,AB T60,FALSE,947,100,947,90,852
01-12-24,AB T64,FALSE,582,100,582,77.6,452
01-12-24,AB T59,FALSE,168,100,168,72,121
01-12-24,AB T23,FALSE,316,100,316,60,190
02-12-24,AB T62,FALSE,331,100,331,80,265
02-12-24,AB T32,FALSE,809,100,809,73,591
02-12-24,AB T57,FALSE,932,100,932,77,718
02-12-24,Gata T50,FALSE,0,0,0,0,0
02-12-24,Gata T51,FALSE,0,0,0,0,0
03-12-24,AB T27,FALSE,537,100,537,83,446
03-12-24,Fli T11,FALSE,287,100,287,93,267
03-12-24,Gata T50 (F) X AB T38 (M),FALSE,2,100,2,0,0
03-12-24,AB T35,FALSE,149,12,18,72,13
06-12-24,AB T60,FALSE,880,100,880,93.6,824
07-12-24,AB T22,FALSE,1276,99.2,1266,83.4,1056
08-12-24,Gata T19 (M) X AB T63 (F),FALSE,0,0,0,63,0
08-12-24,Gata T21(F) X AB T63(M),FALSE,0,0,0,63,0
08-12-24,AB T31,FALSE,807,100,807,75.5,609
08-12-24,AB T27,FALSE,1123,100,1123,88.2,990
09-12-24,AB T27,FALSE,84,100,84,86.9,73
09-12-24,AB T30,FALSE,227,100,227,90.7,206
09-12-24,AB T63,FALSE,262,100,262,89.6,235
09-12-24,AB T28,FALSE,0,0,0,0,0
10-12-24,AB T38,FALSE,41,100,41,63.41,26
10-12-24,AB T42,FALSE,179,100,179,73.7,132
10-12-24,AB T39,FALSE,378,82,310,33,102
10-12-24,AB T37,FALSE,0,0,0,0,0
10-12-24,AB T43,FALSE,0,0,0,0,0
12-12-24,AB T61,FALSE,570,100,570,72,410
15-12-24,Fli T12,FALSE,1860,100,1860,70,1302
15-12-24,Fli T11,FALSE,1587,100,1587,80,1270
15-12-24,AB T32,TRUE,901,100,901,93.8,845
15-12-24,AB T64,TRUE,958,99.1,949,85,807
15-12-24,AB T59,TRUE,1157,99,1145,82,939
15-12-24,AB T35,FALSE,1316,100,1316,77.2,1016
21-12-24,AB T30,FALSE,161,100,161,80,129
21-12-24,AB T28,FALSE,0,0,0,0,0
21-12-24,AB T27,FALSE,153,100,153,95.4,146
21-12-24,AB T27,FALSE,710,100,710,89.4,635
22-12-24,AB T60,FALSE,1051,100,1051,89.2,937
22-12-24,AB T57,FALSE,860,100,860,76.16,655
22-12-24,AB T62,FALSE,603,100,603,94.36,569
23-12-24,AB T37,TRUE,0,0,0,0,0
23-12-24,AB T39 ,TRUE,0,0,0,0,0
23-12-24,AB T38,TRUE,0,0,0,0,0
23-12-24,AB T63,TRUE,139,100,139,70.5,98
23-12-24,Cas T66,FALSE,0,0,0,0,0
23-12-24,AB T61,TRUE,466,100,466,92.4,431
23-12-24,AB T22,FALSE,1693,100,1693,82.16,1391
23-12-24,AB T31,FALSE,0,0,0,0,0
23-12-24,Cas T66 (F)  X AB T59 (M),FALSE,521,100,521,94.2,491
24-12-24,AB T37,FALSE,0,0,0,0,0
24-12-24,AB T38,FALSE,0,0,0,0,0
24-12-24,AB T39,FALSE,274,100,274,79.9,219
24-12-24,AB T31,FALSE,394,100,394,87.3,344
28-12-24,AB T27,FALSE,900,100,900,86.6,779
28-12-24,AB T27,FALSE,604,100,604,81.95,495
28-12-24,AB T59,FALSE,710,98,696,91.8,639
29-12-24,AB T61,FALSE,412,93.9,387,89,344
29-12-24,AB T30,TRUE,592,99.1,587,90.97,534
