CUID,Mating_Date,Dam_Tank,Sire_Tank,Line_Pair,Embryo_Count,Linked_Nursery,Offspring_Tanks,Operator
C0001,09-10-2024,T0038,T0038,AB x AB,11,N0001,T0046,Lab Staff
C0002,21-11-2023,T0011,T0011,Fli x Fli,28,N0002,T0047,Lab Staff
C0003,24-09-2023,T0012,T0012,Fli x Fli,38,N0003,T0048,Lab Staff
C0004,27-02-2024,T0020,T0020,Gata x Gata,13,N0004,T0049,Lab Staff
C0005,23-10-2023,T0020,T0020,Gata x Gata,9,N0005,T0050,Lab Staff
C0006,23-11-2023,T0020,T0020,Gata x Gata,10,N0006,T0051,Lab Staff
C0007,11-03-2024,T0011,T0011,Fli x Fli,16,N0007,T0052,Lab Staff
C0008,23-09-2023,T0048,T0048,Fli x Fli,17,N0008,T0053,Lab Staff
C0009,25-08-2024,T0011,T0011,Fli x Fli,19,N0009,T0054,Lab Staff
C0010,01-09-2024,T0027,T0027,AB x AB,45,N0010,T0056,Lab Staff
C0011,12-05-2024,T0036,T0036,AB x AB,33,N0011,T0057,Lab Staff
C0012,26-06-2023,T0011,T0011,Fli x Fli,11,N0012,T0058,Lab Staff
C0013,31-07-2023,T0038,T0038,AB x AB,23,N0013,T0063,Lab Staff
C0014,28-08-2023,T0038,T0038,AB x AB,12,N0014,T0037,Lab Staff
C0015,31-07-2023,T0038,T0038,AB x AB,10,N0015,T0039,Lab Staff
C0016,13-09-2023,T0038,T0038,AB x AB,39,N0016,T0044,Lab Staff
C0017,30-09-2024,T0026,T0026,AB x AB,17,N0017,T0065,Lab Staff
C0018,15-10-2024,T0047,T0047,Fli x Fli,0,,,Lab Staff
C0019,15-10-2024,T0052,T0052,Fli x Fli,0,,,Lab Staff
C0020,15-10-2024,T0058,T0058,Fli x Fli,0,,,Lab Staff
C0021,15-10-2024,T0020,T0020,Gata x Gata,0,,,Lab Staff
C0022,15-10-2024,T0011,T0011,Fli x Fli,350,N0018,,Lab Staff
C0023,15-10-2024,T0012,T0012,Fli x Fli,0,,,Lab Staff
C0024,03-06-2024,T0015,T0039,Casper x AB,13,N0019,T0066,Lab Staff
C0025,18-11-2024,T0015,T0015,Casper x Casper,1,N0020,T0068,Lab Staff
C0026,24-12-2024,T0059,T0066,AB x Casper,0,N0021,T0069,Lab Staff
C0027,12-11-2024,T0011,T0011,Fli x Fli,0,N0022,T0070,Lab Staff
C0028,17-02-2025,T0064,T0049,AB x Gata,7,N0023,T0073,Lab Staff
C0029,05-03-2025,T0015,T0015,Casper x Casper,7,N0024,T0077,Lab Staff
C0030,27-02-2025,T0056,T0049,AB x Gata,17,N0025,T0079,Lab Staff
C0031,16-03-2025,T0053,T0056,Fli x AB,10,N0026,T0082,Lab Staff
C0032,14-10-2025,T0072,T0072,Fli x Fli,4,N0027,T0104,Lab Staff
C0033,20-07-2025,T0082,T0082,Fli x Fli,5,N0028,T0105,Lab Staff
C0034,03-07-2025,T0067,T0015,Casper x Casper,10,"N0029,N0031",T0107,Lab Staff
C0035,03-07-2025,T0067,T0015,Casper x Casper,3,N0030,T0108,Lab Staff
C0036,17-04-2025,T0015,T0015,Casper x Casper,3,N0032,T0109,Lab Staff
C0037,26-02-2025,T0056,T0049,AB x Gata,3,N0033,T0110,Lab Staff
C0038,17-06-2025,T0073,T0073,Gata x Gata,17,N0034,T0111,Lab Staff
C0039,23-06-2025,T0073,T0073,Gata x Gata,9,N0035,T0112,Lab Staff
C0040,12-09-2025,T0069,T0069,Casper x Casper,0,N0036,"T0114,T0115",Lab Staff
C0041,04-09-2025,T0095,T0093,AB x AB,7,N0037,T0117,Lab Staff
C0042,16-06-2025,T0095,T0093,AB x AB,15,N0038,T0118,Lab Staff
C0043,14-10-2025,T0073,T0049,Gata x Gata,9,N0040,T0120,Lab Staff
C0044,03-07-2025,T0067,T0015,Casper x Casper,15,N0041,T0121,Lab Staff
C0045,11-02-2026,T0077,T0077,Casper x Casper,3,N0042,T0122,Lab Staff
C0046,16-04-2025,T0015,T0015,Casper x Casper,6,N0043,T0123,Lab Staff
C0047,03-05-2026,,,AB x AB,2,N0044,T0124,Lab Staff
C0048,11-02-2026,T0115,T0115,Casper x Casper,18,N0045,T0125,Lab Staff
C0049,11-02-2026,T0114,T0015,Casper x Casper,15,N0046,T0126,Lab Staff
C0050,26-01-2026,T0101,T0101,Gata x Gata,6,N0047,T0127,Lab Staff
C0051,11-02-2026,T0115,T0109,Casper x Casper,10,N0048,T0131,Lab Staff
C0052,24-11-2025,T0082,T0082,Fli x Fli,11,N0049,T0133,Lab Staff
C0053,25-11-2025,T0101,T0093,Gata x AB,14,N0050,T0134,Lab Staff
C0054,29-Jun-26,T0126,T0126,Casper x Casper,52,N0051,"T0135,T0150,T0151,T0156,T0161",Lab Staff
C0055,18-Jun-26,T0069,T0069,Casper x Casper,94,N0052,"T0136,T0148,T0152,T0154,T0178,T0179,T0180,T0181",Lab Staff
C0056,30-Jun-26,T0110,T0110,Gata x Gata,30,N0053,"T0137,T0138",Lab Staff
C0057,30-Jun-26,,,AB x AB,15,N0054,"T0139,T0140",Lab Staff
C0058,28-Apr-26,T0056,T0105,AB x Fli,7,N0055,T0141,Lab Staff
C0059,18-Jun-26,T0121,T0123,Casper x Casper,26,N0056,"T0146,T0147",Lab Staff
C0060,05-Jul-26,T0108,T0108,Casper x Casper,49,N0057,"T0149,T0160,T0165",Lab Staff
C0061,14-Jun-26,T0109,T0109,Casper x Casper,12,N0058,"T0153,T0163",Lab Staff
C0062,26-Apr-26,T0115,T0115,Casper x Casper,30,N0059,"T0157,T0158,T0159",Lab Staff
C0063,14-Jun-26,T0109,T0077,Casper x Casper,5,N0060,T0162,Lab Staff
C0064,15-Jun-26,T0122,T0122,Casper x Casper,10,N0061,T0164,Lab Staff
C0065,12-May-26,T0081,T0081,AB x AB,32,N0062,"T0166,T0167",Lab Staff
C0067,17-Aug-26,T0133,T0098,Fli x Fli,55,N0063,"T0171,T0172",Lab Staff
C0068,16-Aug-26,T0119,T0119,Fli x Fli,6,N0064,T0173,Lab Staff
C0069,17-Aug-26,T0133,T0133,Fli x Fli,9,N0065,T0174,Lab Staff
C0070,16-Aug-26,T0132,T0132,Fli x Fli,22,N0066,"T0175,T0176",Lab Staff
C0071,07-Apr-26,T0082,T0082,Fli x Fli,11,N0067,T0177,Lab Staff
C0072,10-Aug-26,T0128,T0128,AB x AB,42,N0068,"T0182,T0183",Lab Staff
