NUID,Count,Status,System,Derivative_Cross,Genotype,Grad_Date,Mating_Date,DOB,Grad_Tank,Notes
N0001,11,Graduate to system,,C0001,,17/10/2024,09-10-2024,1/1/2024,T0038,T0038
N0002,28,Graduate to system,,C0002,,29/11/2023,21-11-2023,20/11/2023,T0011,T0011
N0003,38,Graduate to system,,C0003,,2/10/2023,24-09-2023,23/9/2023,T0012,T0012
N0004,13,Graduate to system,,C0004,,6/3/2024,27-02-2024,26/2/2024,T0020,T0020
N0005,9,Graduate to system,,C0005,,31/10/2023,23-10-2023,22/10/2023,T0020,T0020
N0006,10,Graduate to system,,C0006,,1/12/2023,23-11-2023,22/11/2023,T0020,T0020
N0007,16,Graduate to system,,C0007,,19/3/2024,11-03-2024,10/3/2024,T0011,T0011
N0008,17,Graduate to system,,C0008,,1/10/2023,23-09-2023,22/9/2023,T0048,T0048
N0009,19,Graduate to system,,C0009,,2/9/2024,25-08-2024,24/8/2024,T0011,T0011
N0010,45,Graduate to system,,C0010,,9/9/2024,01-09-2024,31/8/2024,T0027,T0027
N0011,33,Graduate to system,,C0011,,20/5/2024,12-05-2024,11/5/2024,T0036,T0036
N0012,11,Graduate to system,,C0012,,4/7/2023,26-06-2023,25/6/2023,T0011,T0011
N0013,23,Graduate to system,,C0013,,8/8/2023,31-07-2023,30/7/2023,T0038,T0038
N0014,12,Graduated to system,,C0014,,5/9/2023,28-08-2023,27/8/2023,T0038,T0038
N0015,10,Graduated to system,,C0015,,8/8/2023,31-07-2023,30/7/2023,T0038,T0038
N0016,39,Graduated to system,,C0016,,21/9/2023,13-09-2023,12/9/2023,T0038,T0038
N0017,17,Graduate to system,,C0017,,8/10/2024,30-09-2024,29/9/2024,T0026,T0026
N0018,350,Retired,,C0022,,23/10/2024,15-10-2024,14/10/2024,T0011,T0011
N0019,13,Graduate to system,,C0024,,11/6/2024,03-06-2024,2/6/2024,t0015,t0039
N0020,1,Graduate to system,,C0025,,26/11/2024,18-11-2024,17/11/2024,T0015,T0015
N0021,,Graduate to system,,C0026,,1/1/2025,24-12-2024,23/12/2024,T0059,T0066
N0022,,Graduate to system,,C0027,,20/11/2024,12-11-2024,11/11/2024,T0011,T0011
N0023,7,Graduate to system,,C0028,,25/2/2025,17-02-2025,16/2/2025,t0064,t0049
N0024,7,Graduate to system,,C0029,,13/3/2025,05-03-2025,4/3/2025,t0015,t0015
N0025,17,Graduate to system,,C0030,,7/3/2025,27-02-2025,26/2/2025,t0056,t0049
N0026,10,Graduate to system,,C0031,,24/3/2025,16-03-2025,16/3/2025,t0053,t0056
N0027,4,Graduate to system,,C0032,,22/10/2025,14-10-2025,19/7/2025,t0072,t0072
N0028,5,Graduate to system,,C0033,,28/7/2025,20-07-2025,19/7/2025,t0082,t0082
N0029,7,Graduate to system,,C0034,,11/7/2025,03-07-2025,3/7/2025,t0067,t0015
N0030,3,Graduated to system,,C0035,,11/7/2025,03-07-2025,2/7/2025,t0067,t0015
N0031,3,Retired,,C0034,,11/7/2025,03-07-2025,3/7/2025,t0067,t0015
N0032,3,Graduate to system,,C0036,,25/4/2025,17-04-2025,16/4/2025,t0015,t0015
N0033,3,Graduate to system,,C0037,,6/3/2025,26-02-2025,25/2/2025,t0056,t0049
N0034,17,Graduate to system,,C0038,,25/6/2025,17-06-2025,23/6/2025,t0073,t0073
N0035,9,Graduate to system,,C0039,,1/7/2025,23-06-2025,22/6/2025,t0073,t0073
N0036,,Graduate to system,,C0040,,20/9/2025,12-09-2025,11/9/2025,t0069,t0069
N0037,7,Graduate to system,,C0041,,12/9/2025,04-09-2025,3/9/2025,t0095,t0093
N0038,15,Graduate to system,,C0042,,24/6/2025,16-06-2025,15/6/2025,t0095,t0093
N0040,9,Graduate to system,,C0043,,22/10/2025,14-10-2025,13/10/2025,t0073,t0049
N0041,15,Graduate to system,,C0044,,11/7/2025,03-07-2025,2/7/2025,T0067,T0015
N0042,3,Graduate to system,,C0045,,19/2/2026,11-02-2026,11/2/2026,T0077,T0077
N0043,6,Graduate to system,,C0046,,24/4/2025,16-04-2025,15/4/2025,T0015,T0015
N0044,2,Graduate to system,,C0047,,11/5/2026,03-05-2026,11/2/2026,T109,T109
N0045,18,Graduate to system,,C0048,,19/2/2026,11-02-2026,10/2/2026,T0115,T0115
N0046,15,Graduate to system,,C0049,,19/2/2026,11-02-2026,10/2/2026,T0114,T0015
N0047,6,Graduate to system,,C0050,,3/2/2026,26-01-2026,25/1/2026,T0101,T0101
N0048,10,Graduate to system,,C0051,,19/2/2026,11-02-2026,10/2/2026,T0115,T0109
N0049,11,Graduate to system,,C0052,,2/12/2025,24-11-2025,23/11/2025,T0082,T0082
N0050,14,Graduate to system,,C0053,,3/12/2025,25-11-2025,24/11/2025,T0101,T0093
N0051,52,Graduate to system,,C0054,,8/1/0001,29-Jun-26,?,T0126,T0126
N0052,94,Graduate to system,,C0055,,8/1/0001,18-Jun-26,?,T0069,T0069
N0053,30,Graduate to system,,C0056,,8/1/0001,30-Jun-26,?,T0110,T0110
N0054,15,Graduate to system,,C0057,,8/1/0001,30-Jun-26,?,,
N0055,7,Graduate to system,,C0058,,8/1/0001,28-Apr-26,?,T0056,T0105
N0056,26,Graduate to system,,C0059,,8/1/0001,18-Jun-26,?,T0121,T0123
N0057,49,Graduate to system,,C0060,,8/1/0001,05-Jul-26,?,T0108,T0108
N0058,12,Graduate to system,,C0061,,8/1/0001,14-Jun-26,?,T0109,T0109
N0059,30,Graduate to system,,C0062,,8/1/0001,26-Apr-26,?,T0115,T0115
N0060,5,Graduate to system,,C0063,,8/1/0001,14-Jun-26,?,T0109,T0077
N0061,10,Graduate to system,,C0064,,8/1/0001,15-Jun-26,?,T0122,T0122
N0062,32,Graduate to system,,C0065,,8/1/0001,12-May-26,?,T0081,T0081
N0063,55,Graduate to system,,C0067,,8/1/0001,17-Aug-26,?,T0133,T0098
N0064,6,Graduate to system,,C0068,,8/1/0001,16-Aug-26,?,T0119,T0119
N0065,9,Graduate to system,,C0069,,8/1/0001,17-Aug-26,?,T0133,T0133
N0066,22,Graduate to system,,C0070,,8/1/0001,16-Aug-26,?,T0132,T0132
N0067,11,Graduate to system,,C0071,,8/1/0001,07-Apr-26,?,T0082,T0082
N0068,42,Graduate to system,,C0072,,10/09/2026,10-Aug-26,10/08/2026,T0128,T0128
